{"cameraMode":{"drawMode":0,"name":"Shaded","section":"Shading Mode"},"sceneLighting":false,"audioPlay":false,"sceneViewState":{"m_AlwaysRefresh":false,"showFog":true,"showSkybox":true,"showFlares":true,"showImageEffects":true,"showParticleSystems":true,"showVisualEffectGraphs":true,"m_FxEnabled":true},"in2DMode":false,"pivot":{"x":4.44325065612793,"y":-4.211112976074219,"z":0.4615802764892578},"rotation":{"x":-0.2886536717414856,"y":0.002622302621603012,"z":-0.0007381345494650304,"w":-0.9574698805809021},"size":18.145973205566408,"orthographic":false}