{"cameraMode":{"drawMode":0,"name":"Shaded","section":"Shading Mode"},"sceneLighting":false,"audioPlay":false,"sceneViewState":{"m_AlwaysRefresh":false,"showFog":true,"showSkybox":false,"showFlares":true,"showImageEffects":true,"showParticleSystems":true,"showVisualEffectGraphs":true,"m_FxEnabled":true},"in2DMode":false,"pivot":{"x":-10.029790878295899,"y":-0.6012594699859619,"z":-0.031746864318847659},"rotation":{"x":-0.25689950585365298,"y":0.005230436567217112,"z":-0.0013796637067571283,"w":-0.9664487838745117},"size":1.9787899255752564,"orthographic":false}