{"cameraMode":{"drawMode":0,"name":"Shaded","section":"Shading Mode"},"sceneLighting":false,"audioPlay":false,"sceneViewState":{"m_AlwaysRefresh":false,"showFog":true,"showSkybox":false,"showFlares":true,"showImageEffects":true,"showParticleSystems":true,"showVisualEffectGraphs":true,"m_FxEnabled":true},"in2DMode":false,"pivot":{"x":-10.224226951599121,"y":3.4793436527252199,"z":-0.8462934494018555},"rotation":{"x":-0.13774968683719636,"y":0.04100172594189644,"z":-0.005712272133678198,"w":-0.9895911812782288},"size":0.808216392993927,"orthographic":false}